id;path;original_file_name;file_name;content_type;file_size;info
1;how now idolized;dearest oddly;meaningfully supposing;in by mundane;giddy;adventurously before
2;bag fumbling;but;eek boohoo only;signal including which;or;intensely daintily
3;detention ha temple;huzzah dissent silver;dirty a;blaring aha;flatline pan;pace narrow
4;woot skeletal since;who;comfortable arrogantly though;fitting;exorcise cassock;deeply despite
5;winged newsstand hmph;onto and madly;sanitise cumbersome;bah supposing;likewise dutiful cutlet;for underneath yowza
6;ancient swap ringed;artistic;yahoo fuzzy knottily;if poorly wag;government puggle;want sour meanwhile
7;icon before;funny once;smug whoa lest;supposing;healthily via recorder;shoehorn spend
8;giddy provided;despite bottle however;punctually eager;because wherever;annually;about so
9;proper how modulo;ex-wife luncheonette unless;yum;dupe only dispossess;up anise;ouch pack
10;once;which;many;solidly incompetence yuck;gadzooks;tool sum active
